{
  "view/App.view.xml": 1689230209100,
  "manifest.json": 1689238095883,
  "controller/CA.controller.js": 1689230209100,
  "controller/App.controller.js": 1689230209096,
  "model/models.js": 1689230209092,
  "Component.js": 1689230209088,
  "controller/CA-dbg.controller.js": 1689230209100,
  "controller/CA.controller.js.map": 1689238096140,
  "controller/App-dbg.controller.js": 1689230209096,
  "controller/App.controller.js.map": 1689238096158,
  "model/models-dbg.js": 1689230209092,
  "model/models.js.map": 1689238096151,
  "Component-dbg.js": 1689230209088,
  "Component.js.map": 1689238096156,
  "Component-preload.js": 1689238096253,
  "Component-preload.js.map": 1689238096253,
  "view/CA.view.xml": 1689231524029,
  "i18n/i18n.properties": 1689230209092,
  "css/style.css": 1689230209096,
  "index.html": 1689232034177,
  "_redirects": 1689232204686
}